Index,Rk,Season,Team,Tm,Age,W,L,PW,PL,MOV,SOS,SRS,ORtg,DRtg,NRtg,Pace,FTr,3PAr,TS%,eFG%,TOV%,ORB%,FT/FGA,eFG%.1,TOV%.1,DRB%,FT/FGA.1
0,1,2012-2013,Oklahoma City Thunder,OKC,26.0,60,22,64,18,9.21,-0.06,9.15,112.4,102.6,9.8,93.3,0.338,0.244,0.58,0.527,14.4,26.7,0.28,0.469,13.5,73.4,0.197
1,2,2012-2013,Miami Heat,MIA,30.3,66,16,62,20,7.87,-0.84,7.03,112.3,103.7,8.6,90.7,0.297,0.285,0.588,0.552,13.7,22.2,0.224,0.487,14.8,73.0,0.2
2,3,2012-2013,Los Angeles Clippers,LAC,28.8,56,26,59,23,6.45,-0.02,6.43,110.6,103.6,7.0,91.1,0.286,0.265,0.557,0.526,13.9,28.8,0.203,0.492,15.4,73.5,0.229
3,4,2012-2013,San Antonio Spurs,SAS,28.6,58,24,58,24,6.4,0.27,6.67,108.3,101.6,6.7,94.2,0.258,0.264,0.568,0.531,14.0,20.5,0.204,0.48,13.7,74.9,0.179
4,5,2012-2013,Denver Nuggets,DEN,26.1,57,25,55,27,5.09,0.28,5.37,110.4,105.1,5.3,95.1,0.308,0.217,0.549,0.515,13.6,31.4,0.216,0.493,14.3,71.8,0.193
5,6,2012-2013,New York Knicks,NYK,30.2,54,28,53,29,4.23,-0.5,3.73,111.1,106.3,4.8,89.8,0.258,0.354,0.55,0.515,11.7,25.6,0.196,0.508,14.8,74.7,0.216
6,7,2012-2013,Memphis Grizzlies,MEM,27.0,56,26,54,28,4.15,0.18,4.32,104.9,100.3,4.6,88.4,0.261,0.166,0.514,0.472,13.3,31.0,0.202,0.475,15.2,74.3,0.209
7,8,2012-2013,Indiana Pacers,IND,25.7,49,32,52,29,4.02,-0.69,3.34,104.3,99.8,4.5,90.2,0.293,0.245,0.521,0.479,14.3,30.3,0.219,0.453,12.9,74.6,0.197
8,9,2012-2013,Houston Rockets,HOU,24.4,45,37,50,32,3.48,0.22,3.69,109.7,106.1,3.6,96.1,0.308,0.349,0.564,0.525,14.9,26.4,0.232,0.502,13.5,75.2,0.196
9,10,2012-2013,Brooklyn Nets,BRK,28.6,49,33,46,36,1.78,-0.53,1.25,108.2,106.2,2.0,88.8,0.299,0.269,0.536,0.498,14.0,30.9,0.219,0.503,13.1,73.7,0.174
10,11,2012-2013,Los Angeles Lakers,LAL,30.7,45,37,44,38,1.16,0.32,1.48,107.8,106.6,1.2,94.4,0.345,0.303,0.548,0.512,13.9,27.0,0.239,0.496,11.9,74.3,0.163
11,12,2012-2013,Golden State Warriors,GSW,25.3,47,35,44,38,0.89,0.42,1.32,106.4,105.5,0.9,94.5,0.255,0.239,0.545,0.506,14.0,25.4,0.201,0.486,12.4,75.5,0.211
12,13,2012-2013,Atlanta Hawks,ATL,27.1,44,38,42,40,0.4,-0.48,-0.08,104.8,104.4,0.4,92.6,0.244,0.286,0.546,0.517,14.2,22.2,0.174,0.496,14.2,73.6,0.181
13,14,2012-2013,Chicago Bulls,CHI,28.0,45,37,42,40,0.32,-0.33,-0.02,103.5,103.2,0.3,89.3,0.259,0.189,0.512,0.47,13.6,29.4,0.201,0.477,13.2,73.6,0.206
14,15,2012-2013,Utah Jazz,UTA,26.3,43,39,41,41,-0.09,0.38,0.3,106.7,106.8,-0.1,90.9,0.281,0.206,0.533,0.492,13.8,28.8,0.214,0.501,14.0,73.2,0.226
15,16,2012-2013,Boston Celtics,BOS,29.1,41,40,40,41,-0.22,-0.4,-0.62,103.1,103.3,-0.2,91.7,0.263,0.215,0.542,0.503,14.1,20.1,0.204,0.482,14.2,73.3,0.216
16,17,2012-2013,Dallas Mavericks,DAL,29.5,41,41,39,43,-0.6,0.36,-0.24,105.9,106.5,-0.6,94.1,0.242,0.236,0.544,0.506,13.0,21.8,0.192,0.492,13.3,73.1,0.227
17,18,2012-2013,Milwaukee Bucks,MIL,26.4,38,44,37,45,-1.5,-0.33,-1.83,103.6,105.2,-1.6,94.7,0.236,0.232,0.51,0.476,12.7,27.9,0.174,0.492,14.4,71.3,0.201
18,19,2012-2013,Toronto Raptors,TOR,25.4,34,48,37,45,-1.48,-0.48,-1.96,105.9,107.5,-1.6,90.4,0.274,0.249,0.532,0.488,13.0,25.5,0.216,0.5,13.6,73.4,0.247
19,20,2012-2013,Minnesota Timberwolves,MIN,26.4,31,51,34,48,-2.37,0.54,-1.83,102.9,105.4,-2.5,92.8,0.305,0.22,0.516,0.473,13.8,27.4,0.226,0.511,15.0,74.0,0.187
20,21,2012-2013,Washington Wizards,WAS,25.4,29,53,33,49,-2.54,-0.25,-2.78,100.2,103.0,-2.8,92.2,0.261,0.223,0.512,0.475,14.2,24.6,0.191,0.483,13.7,74.6,0.206
21,22,2012-2013,Portland Trail Blazers,POR,24.4,33,49,32,50,-3.17,0.65,-2.53,105.8,109.2,-3.4,91.4,0.25,0.284,0.536,0.498,13.9,25.3,0.194,0.512,12.5,73.3,0.189
22,23,2012-2013,Philadelphia 76ers,PHI,25.2,34,48,31,51,-3.34,-0.17,-3.51,102.0,105.7,-3.7,91.0,0.2,0.209,0.509,0.481,12.5,24.9,0.146,0.495,13.7,73.4,0.2
23,24,2012-2013,Detroit Pistons,DET,25.3,29,53,29,53,-3.99,-0.34,-4.33,103.8,108.1,-4.3,90.8,0.282,0.217,0.521,0.487,14.3,28.3,0.197,0.505,13.1,73.0,0.209
24,25,2012-2013,New Orleans Hornets,NOH,24.0,27,55,30,52,-3.87,0.75,-3.12,105.7,110.1,-4.4,88.5,0.248,0.224,0.528,0.489,14.0,29.2,0.193,0.52,13.1,74.4,0.208
25,26,2012-2013,Cleveland Cavaliers,CLE,24.1,24,58,28,54,-4.68,-0.19,-4.87,104.3,109.4,-5.1,92.3,0.265,0.229,0.514,0.473,13.0,28.1,0.2,0.523,14.4,72.6,0.225
26,27,2012-2013,Sacramento Kings,SAC,25.6,28,54,28,54,-4.88,0.62,-4.26,106.2,111.4,-5.2,93.6,0.271,0.243,0.532,0.491,13.4,26.6,0.208,0.517,13.6,71.0,0.227
27,28,2012-2013,Phoenix Suns,PHO,26.9,25,57,23,59,-6.46,0.71,-5.75,101.2,108.1,-6.9,93.4,0.234,0.21,0.512,0.477,14.3,27.0,0.174,0.512,14.2,71.9,0.208
28,29,2012-2013,Orlando Magic,ORL,24.6,20,62,22,60,-6.99,-0.14,-7.12,101.6,109.1,-7.5,92.2,0.197,0.223,0.514,0.485,13.7,25.4,0.149,0.508,11.8,74.6,0.195
29,30,2012-2013,Charlotte Bobcats,CHA,24.4,21,61,17,65,-9.23,-0.06,-9.29,101.5,111.5,-10.0,91.5,0.31,0.21,0.507,0.46,13.2,25.7,0.233,0.524,13.2,71.1,0.197
30,1,2013-2014,San Antonio Spurs,SAS,28.9,62,20,61,21,7.72,0.28,8.0,110.5,102.4,8.1,95.0,0.24,0.257,0.571,0.537,13.5,22.7,0.188,0.482,12.8,76.4,0.184
31,2,2013-2014,Los Angeles Clippers,LAC,28.1,57,25,59,23,6.98,0.3,7.27,112.1,104.8,7.3,95.9,0.353,0.291,0.567,0.526,12.7,25.0,0.258,0.484,13.8,72.5,0.222
32,3,2013-2014,Oklahoma City Thunder,OKC,26.2,59,23,58,24,6.34,0.32,6.66,110.5,103.9,6.6,95.4,0.303,0.271,0.566,0.52,14.0,26.5,0.244,0.488,13.9,75.6,0.221
33,4,2013-2014,Miami Heat,MIA,30.6,54,28,54,28,4.76,-0.61,4.15,110.9,105.8,5.1,91.2,0.3,0.292,0.59,0.554,14.6,20.6,0.228,0.511,15.8,73.0,0.212
34,5,2013-2014,Golden State Warriors,GSW,26.3,51,31,54,28,4.8,0.34,5.15,107.5,102.6,4.9,96.2,0.247,0.291,0.55,0.517,13.8,25.1,0.186,0.477,13.6,76.3,0.224
35,6,2013-2014,Indiana Pacers,IND,27.2,56,26,54,28,4.4,-0.77,3.63,104.1,99.3,4.8,92.5,0.29,0.235,0.535,0.49,14.3,24.9,0.226,0.46,12.9,76.8,0.197
36,7,2013-2014,Houston Rockets,HOU,25.4,54,28,53,29,4.56,0.5,5.06,111.0,106.3,4.7,96.3,0.386,0.33,0.571,0.531,14.6,27.4,0.275,0.489,12.5,74.1,0.193
37,8,2013-2014,Portland Trail Blazers,POR,25.8,54,28,52,30,3.99,0.45,4.44,111.5,107.4,4.1,94.9,0.27,0.29,0.548,0.504,12.4,28.0,0.22,0.488,11.0,74.7,0.194
38,9,2013-2014,Toronto Raptors,TOR,25.6,48,34,50,32,3.24,-0.69,2.55,108.8,105.3,3.5,91.8,0.306,0.285,0.545,0.498,13.2,27.2,0.239,0.493,14.1,74.9,0.237
39,10,2013-2014,Phoenix Suns,PHO,26.2,48,34,48,34,2.63,0.39,3.02,109.5,106.7,2.8,95.8,0.293,0.3,0.558,0.519,14.0,26.4,0.222,0.496,13.9,73.7,0.237
40,11,2013-2014,Minnesota Timberwolves,MIN,26.3,40,42,48,34,2.67,0.43,3.1,108.9,106.2,2.7,97.3,0.321,0.245,0.535,0.486,12.2,27.4,0.249,0.518,14.8,74.4,0.177
41,12,2013-2014,Dallas Mavericks,DAL,30.6,49,33,48,34,2.4,0.5,2.91,111.2,108.7,2.5,93.5,0.253,0.274,0.564,0.526,12.7,24.6,0.201,0.515,14.8,72.7,0.229
42,13,2013-2014,Chicago Bulls,CHI,28.6,48,34,47,35,1.85,-0.66,1.2,102.5,100.5,2.0,90.2,0.29,0.222,0.518,0.471,14.2,27.2,0.226,0.471,13.7,75.4,0.189
43,14,2013-2014,Memphis Grizzlies,MEM,28.5,50,32,46,36,1.57,0.61,2.18,106.3,104.6,1.7,89.9,0.248,0.171,0.529,0.494,13.1,28.3,0.184,0.497,13.8,75.7,0.199
44,15,2013-2014,Washington Wizards,WAS,26.3,44,38,45,37,1.27,-0.79,0.48,106.0,104.6,1.4,93.2,0.248,0.246,0.538,0.506,13.6,25.2,0.181,0.504,15.0,75.7,0.22
45,16,2013-2014,Charlotte Bobcats,CHA,25.5,43,39,40,42,-0.22,-0.67,-0.89,103.6,103.8,-0.2,92.4,0.297,0.219,0.522,0.481,11.7,21.9,0.219,0.491,12.6,77.6,0.183
46,17,2013-2014,Atlanta Hawks,ATL,27.5,38,44,40,42,-0.48,-0.4,-0.88,105.9,106.4,-0.5,94.6,0.266,0.316,0.554,0.515,14.3,21.0,0.208,0.51,14.0,74.4,0.196
47,18,2013-2014,New York Knicks,NYK,28.3,37,45,39,43,-0.79,-0.61,-1.4,108.3,109.1,-0.8,90.3,0.248,0.302,0.541,0.505,12.5,25.1,0.189,0.514,14.0,74.3,0.245
48,19,2013-2014,Brooklyn Nets,BRK,30.0,44,38,38,44,-1.0,-0.58,-1.58,106.7,107.7,-1.0,91.4,0.313,0.301,0.555,0.514,14.1,21.7,0.236,0.509,14.9,72.3,0.236
49,20,2013-2014,Denver Nuggets,DEN,26.0,36,46,35,47,-2.15,0.75,-1.4,106.0,108.2,-2.2,98.1,0.306,0.278,0.536,0.497,14.0,27.5,0.222,0.5,12.8,74.5,0.233
50,21,2013-2014,New Orleans Pelicans,NOP,24.3,34,48,33,49,-2.71,0.73,-1.98,107.2,110.1,-2.9,92.2,0.286,0.193,0.537,0.495,12.9,26.9,0.22,0.515,13.6,73.8,0.249
51,22,2013-2014,Sacramento Kings,SAC,24.9,28,54,33,49,-2.9,0.82,-2.08,105.7,108.8,-3.1,94.4,0.331,0.218,0.532,0.484,13.9,27.8,0.251,0.512,12.7,76.6,0.234
52,23,2013-2014,Cleveland Cavaliers,CLE,24.9,33,49,32,50,-3.29,-0.57,-3.86,104.2,107.7,-3.5,93.1,0.268,0.236,0.518,0.479,13.0,27.2,0.201,0.508,13.0,75.8,0.199
53,24,2013-2014,Detroit Pistons,DET,24.7,29,53,31,51,-3.66,-0.48,-4.13,105.9,109.7,-3.8,94.9,0.296,0.222,0.514,0.482,12.9,31.4,0.199,0.52,13.8,73.4,0.218
54,25,2013-2014,Boston Celtics,BOS,25.4,25,57,28,54,-4.46,-0.51,-4.97,102.9,107.7,-4.8,93.3,0.248,0.251,0.517,0.477,14.2,27.4,0.193,0.505,13.4,74.2,0.227
55,26,2013-2014,Orlando Magic,ORL,24.6,23,59,26,56,-5.44,-0.44,-5.88,101.7,107.4,-5.7,93.6,0.253,0.235,0.525,0.487,13.9,22.4,0.193,0.504,13.0,75.5,0.211
56,27,2013-2014,Los Angeles Lakers,LAL,26.8,27,55,25,57,-6.29,0.96,-5.33,104.2,110.6,-6.4,98.7,0.263,0.291,0.542,0.505,13.7,20.2,0.199,0.513,12.4,71.0,0.192
57,28,2013-2014,Utah Jazz,UTA,24.5,25,57,22,60,-7.17,0.91,-6.27,103.5,111.3,-7.8,91.4,0.271,0.237,0.523,0.484,13.9,25.5,0.202,0.518,12.1,74.5,0.227
58,29,2013-2014,Milwaukee Bucks,MIL,24.7,15,67,20,62,-8.18,-0.23,-8.41,103.0,111.8,-8.8,91.8,0.274,0.231,0.519,0.479,14.1,27.1,0.204,0.52,13.2,71.4,0.225
59,30,2013-2014,Philadelphia 76ers,PHI,23.4,19,63,16,66,-10.45,-0.21,-10.66,99.4,109.9,-10.5,99.2,0.268,0.258,0.51,0.475,14.8,24.8,0.19,0.524,14.9,72.4,0.244
60,1,2014-2015,Golden State Warriors,GSW,26.6,67,15,65,17,10.1,-0.09,10.01,111.6,101.4,10.2,98.3,0.239,0.311,0.571,0.54,13.1,24.1,0.184,0.47,14.3,74.5,0.217
61,2,2014-2015,Los Angeles Clippers,LAC,28.8,56,26,58,24,6.59,0.22,6.8,112.4,105.5,6.9,94.7,0.303,0.322,0.565,0.533,11.6,22.8,0.215,0.493,13.2,75.7,0.231
62,3,2014-2015,San Antonio Spurs,SAS,29.8,55,27,58,24,6.2,0.14,6.34,108.5,102.0,6.5,93.8,0.256,0.269,0.555,0.517,13.1,23.4,0.2,0.484,13.3,77.3,0.19
63,4,2014-2015,Atlanta Hawks,ATL,27.8,60,22,56,26,5.43,-0.68,4.75,108.9,103.1,5.8,93.9,0.259,0.321,0.563,0.527,13.5,21.4,0.201,0.492,14.9,73.4,0.185
64,5,2014-2015,Cleveland Cavaliers,CLE,26.9,53,29,53,29,4.48,-0.4,4.08,111.1,106.3,4.8,92.3,0.287,0.334,0.557,0.52,13.4,26.8,0.216,0.502,12.6,74.7,0.177
65,6,2014-2015,Portland Trail Blazers,POR,27.0,51,31,53,29,4.23,0.18,4.41,108.2,103.7,4.5,94.2,0.225,0.316,0.544,0.508,12.6,24.2,0.18,0.476,11.3,76.2,0.182
66,7,2014-2015,Houston Rockets,HOU,27.6,56,26,50,32,3.44,0.38,3.82,107.0,103.4,3.6,96.5,0.312,0.392,0.548,0.512,15.0,26.8,0.223,0.486,14.6,72.9,0.208
67,8,2014-2015,Memphis Grizzlies,MEM,29.6,55,27,50,32,3.24,0.38,3.62,105.7,102.2,3.5,92.0,0.276,0.184,0.531,0.489,12.6,24.7,0.214,0.492,14.5,75.3,0.183
68,9,2014-2015,Toronto Raptors,TOR,26.1,49,33,49,33,3.07,-0.62,2.45,111.0,107.7,3.3,92.8,0.295,0.302,0.553,0.508,12.0,25.6,0.232,0.506,13.4,73.3,0.208
69,10,2014-2015,Chicago Bulls,CHI,28.8,50,32,50,32,3.0,-0.46,2.54,107.5,104.3,3.2,92.8,0.304,0.269,0.536,0.489,12.9,27.0,0.238,0.473,11.3,74.4,0.182
70,11,2014-2015,Dallas Mavericks,DAL,29.9,50,32,49,33,2.9,0.46,3.36,109.5,106.4,3.1,95.2,0.262,0.296,0.55,0.515,11.9,23.6,0.197,0.503,14.7,72.2,0.204
71,12,2014-2015,Oklahoma City Thunder,OKC,25.4,45,37,47,35,2.18,0.28,2.47,107.8,105.5,2.3,95.7,0.284,0.262,0.532,0.492,13.1,28.9,0.214,0.489,12.4,75.6,0.213
72,13,2014-2015,New Orleans Pelicans,NOP,25.3,45,37,43,39,0.79,0.34,1.13,108.2,107.3,0.9,91.4,0.263,0.233,0.537,0.501,12.5,27.1,0.198,0.496,11.7,75.1,0.195
73,14,2014-2015,Washington Wizards,WAS,28.6,46,36,43,39,0.72,-0.55,0.17,103.7,103.0,0.7,93.7,0.259,0.203,0.534,0.499,14.0,24.9,0.192,0.481,12.9,77.3,0.21
74,15,2014-2015,Milwaukee Bucks,MIL,24.6,41,41,42,40,0.43,-0.52,-0.09,102.7,102.2,0.5,94.1,0.258,0.223,0.536,0.499,15.5,25.4,0.195,0.487,15.9,73.3,0.221
75,16,2014-2015,Indiana Pacers,IND,28.3,38,44,42,40,0.28,-0.51,-0.23,103.5,103.2,0.3,93.2,0.266,0.255,0.523,0.484,13.1,24.0,0.201,0.478,12.0,77.9,0.217
76,17,2014-2015,Utah Jazz,UTA,23.4,38,44,42,40,0.22,0.49,0.71,105.1,104.9,0.2,90.4,0.297,0.274,0.531,0.494,14.6,29.1,0.214,0.491,12.8,76.3,0.199
77,18,2014-2015,Boston Celtics,BOS,25.0,40,42,41,41,0.16,-0.56,-0.4,104.7,104.5,0.2,95.8,0.233,0.28,0.523,0.489,12.5,24.7,0.176,0.494,13.7,75.0,0.208
78,19,2014-2015,Phoenix Suns,PHO,25.7,39,43,38,44,-0.9,0.52,-0.38,105.3,106.2,-0.9,96.3,0.251,0.291,0.537,0.501,13.7,24.5,0.191,0.497,14.0,73.5,0.221
79,20,2014-2015,Detroit Pistons,DET,25.9,32,50,38,44,-1.0,-0.39,-1.39,105.3,106.4,-1.1,92.8,0.261,0.29,0.515,0.482,12.3,27.7,0.184,0.502,13.2,75.0,0.192
80,21,2014-2015,Miami Heat,MIA,28.5,37,45,33,49,-2.6,-0.32,-2.92,103.9,106.7,-2.8,90.9,0.306,0.262,0.54,0.5,14.5,23.2,0.227,0.505,14.2,73.4,0.213
81,22,2014-2015,Brooklyn Nets,BRK,28.6,38,44,33,49,-2.88,-0.25,-3.13,104.4,107.4,-3.0,92.7,0.267,0.24,0.529,0.491,13.0,23.9,0.2,0.506,12.9,73.7,0.185
82,23,2014-2015,Charlotte Hornets,CHO,26.0,33,49,32,50,-3.17,-0.27,-3.44,100.1,103.5,-3.4,93.0,0.269,0.226,0.498,0.456,11.2,22.1,0.202,0.487,12.0,79.3,0.188
83,24,2014-2015,Denver Nuggets,DEN,26.4,30,52,31,51,-3.55,0.48,-3.07,104.5,108.2,-3.7,96.1,0.278,0.284,0.518,0.479,12.7,26.6,0.204,0.504,13.0,74.7,0.239
84,25,2014-2015,Sacramento Kings,SAC,26.0,29,53,31,51,-3.71,0.64,-3.07,105.3,109.2,-3.9,95.4,0.363,0.204,0.542,0.49,14.8,26.5,0.276,0.507,11.8,75.2,0.2
85,26,2014-2015,Orlando Magic,ORL,24.3,25,57,25,57,-5.72,-0.15,-5.87,101.6,107.7,-6.1,93.8,0.23,0.235,0.524,0.494,14.0,23.1,0.168,0.514,13.6,76.0,0.21
86,27,2014-2015,Los Angeles Lakers,LAL,27.0,21,61,23,59,-6.84,0.67,-6.17,103.4,110.6,-7.2,94.0,0.276,0.22,0.513,0.473,12.1,25.4,0.204,0.518,12.1,76.3,0.231
87,28,2014-2015,Minnesota Timberwolves,MIN,24.4,16,66,19,63,-8.79,0.79,-8.0,102.9,112.2,-9.3,94.4,0.309,0.179,0.517,0.468,13.7,26.6,0.24,0.537,13.9,71.6,0.187
88,29,2014-2015,Philadelphia 76ers,PHI,23.2,18,64,18,64,-8.98,-0.07,-9.04,95.5,104.8,-9.3,95.7,0.288,0.319,0.494,0.459,16.0,25.5,0.195,0.497,15.2,73.0,0.225
89,30,2014-2015,New York Knicks,NYK,26.9,17,65,17,65,-9.32,-0.18,-9.5,99.9,110.0,-10.1,91.2,0.234,0.24,0.508,0.47,14.0,24.5,0.18,0.512,13.3,73.1,0.234
90,1,2015-2016,San Antonio Spurs,SAS,30.3,67,15,67,15,10.63,-0.36,10.28,110.3,99.0,11.3,93.8,0.246,0.223,0.564,0.526,12.4,23.0,0.197,0.477,14.1,79.1,0.182
91,2,2015-2016,Golden State Warriors,GSW,27.4,73,9,65,17,10.76,-0.38,10.38,114.5,103.8,10.7,99.3,0.25,0.362,0.593,0.563,13.5,23.5,0.191,0.479,12.6,76.0,0.208
92,3,2015-2016,Oklahoma City Thunder,OKC,25.8,55,27,59,23,7.28,-0.19,7.09,113.1,105.6,7.5,96.7,0.292,0.275,0.565,0.524,14.0,31.1,0.228,0.484,11.7,76.0,0.205
93,4,2015-2016,Cleveland Cavaliers,CLE,28.1,57,25,57,25,6.0,-0.55,5.45,110.9,104.5,6.4,93.3,0.259,0.352,0.558,0.524,12.7,25.1,0.194,0.496,12.6,78.5,0.205
94,5,2015-2016,Toronto Raptors,TOR,26.3,56,26,53,29,4.5,-0.42,4.08,110.0,105.2,4.8,92.9,0.328,0.287,0.552,0.504,12.3,24.6,0.255,0.498,12.7,77.7,0.201
95,6,2015-2016,Los Angeles Clippers,LAC,29.7,53,29,53,29,4.28,-0.15,4.13,108.3,103.8,4.5,95.8,0.318,0.324,0.556,0.524,12.1,20.1,0.22,0.48,13.8,73.8,0.222
96,7,2015-2016,Atlanta Hawks,ATL,28.2,48,34,51,31,3.61,-0.12,3.49,105.1,101.4,3.7,97.1,0.237,0.336,0.552,0.516,13.8,19.1,0.185,0.48,14.4,74.6,0.194
97,8,2015-2016,Boston Celtics,BOS,25.2,48,34,50,32,3.21,-0.37,2.84,106.8,103.6,3.2,98.5,0.264,0.293,0.531,0.488,12.1,25.1,0.208,0.487,14.6,74.6,0.231
98,9,2015-2016,Charlotte Hornets,CHO,26.0,48,34,49,33,2.72,-0.36,2.36,107.1,104.3,2.8,95.7,0.28,0.348,0.545,0.502,11.7,20.0,0.222,0.496,12.5,79.8,0.191
99,10,2015-2016,Utah Jazz,UTA,24.2,40,42,46,36,1.79,0.05,1.84,105.9,103.9,2.0,91.0,0.286,0.297,0.54,0.501,14.2,25.9,0.213,0.495,13.5,77.7,0.21
100,11,2015-2016,Miami Heat,MIA,28.4,48,34,46,36,1.65,-0.14,1.5,106.1,104.4,1.7,93.6,0.282,0.221,0.545,0.508,13.3,23.8,0.21,0.485,12.1,77.8,0.196
101,12,2015-2016,Indiana Pacers,IND,26.9,45,37,46,36,1.71,-0.09,1.62,104.6,102.9,1.7,96.6,0.268,0.27,0.536,0.497,13.5,23.4,0.205,0.489,14.3,76.0,0.205
102,13,2015-2016,Portland Trail Blazers,POR,24.3,44,38,43,39,0.83,0.15,0.98,108.8,108.0,0.8,96.0,0.268,0.332,0.548,0.511,13.2,25.9,0.202,0.503,12.1,76.2,0.225
103,14,2015-2016,Detroit Pistons,DET,25.0,44,38,43,39,0.61,-0.18,0.43,106.1,105.5,0.6,95.1,0.296,0.303,0.522,0.491,12.2,27.0,0.197,0.504,12.5,79.3,0.196
104,15,2015-2016,Houston Rockets,HOU,27.8,41,41,42,40,0.2,0.14,0.34,108.3,108.1,0.2,97.6,0.352,0.37,0.553,0.516,14.2,25.7,0.244,0.516,14.7,72.8,0.219
105,16,2015-2016,Dallas Mavericks,DAL,30.3,42,40,40,42,-0.3,0.29,-0.02,106.7,107.0,-0.3,94.3,0.265,0.339,0.544,0.502,12.0,20.6,0.211,0.504,12.8,76.2,0.198
106,17,2015-2016,Washington Wizards,WAS,27.3,41,41,40,42,-0.5,0.0,-0.5,105.3,105.8,-0.5,98.5,0.263,0.282,0.544,0.511,13.1,20.6,0.192,0.515,14.6,77.7,0.218
107,18,2015-2016,Chicago Bulls,CHI,27.6,42,40,37,45,-1.48,0.01,-1.46,105.0,106.5,-1.5,95.7,0.24,0.244,0.526,0.487,12.6,24.5,0.189,0.485,10.7,74.9,0.182
108,19,2015-2016,Orlando Magic,ORL,23.9,35,47,36,46,-1.62,-0.06,-1.68,105.1,106.8,-1.7,96.0,0.232,0.255,0.533,0.5,12.8,23.1,0.175,0.513,13.8,76.5,0.215
109,20,2015-2016,Sacramento Kings,SAC,26.6,33,49,34,48,-2.48,0.16,-2.32,106.0,108.4,-2.4,100.0,0.295,0.26,0.546,0.51,14.2,23.9,0.214,0.521,14.0,74.9,0.202
110,21,2015-2016,Memphis Grizzlies,MEM,30.5,42,40,35,47,-2.24,0.11,-2.14,105.4,107.8,-2.4,93.3,0.295,0.222,0.524,0.477,12.3,25.3,0.231,0.518,15.2,75.1,0.251
111,22,2015-2016,New York Knicks,NYK,27.2,32,50,33,49,-2.73,0.0,-2.74,104.6,107.6,-3.0,93.4,0.255,0.256,0.527,0.483,12.6,23.7,0.205,0.487,10.5,75.8,0.204
112,23,2015-2016,Denver Nuggets,DEN,24.7,33,49,33,49,-3.1,0.29,-2.81,105.6,108.9,-3.3,95.7,0.282,0.277,0.531,0.489,13.2,25.8,0.216,0.515,12.6,77.3,0.216
113,24,2015-2016,Minnesota Timberwolves,MIN,24.6,29,53,31,51,-3.54,0.15,-3.38,106.5,110.1,-3.6,95.2,0.332,0.202,0.549,0.498,13.9,24.3,0.263,0.524,13.6,74.7,0.2
114,25,2015-2016,New Orleans Pelicans,NOP,26.6,30,52,31,51,-3.79,0.24,-3.56,105.6,109.5,-3.9,96.8,0.259,0.277,0.537,0.498,12.3,21.2,0.201,0.523,12.7,78.8,0.225
115,26,2015-2016,Milwaukee Bucks,MIL,23.5,33,49,29,53,-4.18,0.2,-3.98,104.3,108.7,-4.4,94.2,0.276,0.189,0.537,0.499,14.2,24.9,0.207,0.51,14.2,73.1,0.221
116,27,2015-2016,Phoenix Suns,PHO,26.0,23,59,24,58,-6.66,0.34,-6.32,102.2,109.0,-6.8,98.5,0.271,0.302,0.526,0.487,15.2,25.4,0.204,0.523,13.5,77.1,0.237
117,28,2015-2016,Brooklyn Nets,BRK,26.9,21,61,22,60,-7.35,0.24,-7.12,103.2,110.9,-7.7,95.2,0.246,0.218,0.527,0.492,13.6,24.1,0.186,0.534,13.1,75.7,0.176
118,29,2015-2016,Los Angeles Lakers,LAL,26.5,17,65,17,65,-9.56,0.64,-8.92,101.6,111.6,-10.0,95.6,0.292,0.29,0.509,0.46,12.5,23.1,0.228,0.523,11.6,74.7,0.202
119,30,2015-2016,Philadelphia 76ers,PHI,23.3,10,72,16,66,-10.23,0.31,-9.92,98.8,109.2,-10.4,97.9,0.269,0.327,0.519,0.487,14.8,20.6,0.186,0.51,13.5,74.0,0.24
120,1,2016-2017,Golden State Warriors,GSW,28.2,67,15,67,15,11.63,-0.28,11.35,115.6,104.0,11.6,99.8,0.259,0.359,0.597,0.563,13.2,22.8,0.204,0.486,13.5,74.9,0.198
121,2,2016-2017,San Antonio Spurs,SAS,29.6,61,21,60,22,7.2,-0.06,7.13,111.1,103.5,7.6,94.2,0.263,0.281,0.564,0.524,12.6,24.0,0.21,0.492,13.5,77.6,0.192
122,3,2016-2017,Houston Rockets,HOU,27.4,55,27,55,27,5.77,0.08,5.84,114.7,109.0,5.7,100.0,0.304,0.462,0.583,0.545,13.3,24.6,0.233,0.519,13.2,75.8,0.194
123,4,2016-2017,Toronto Raptors,TOR,26.1,51,31,52,30,4.21,-0.56,3.65,112.3,107.8,4.5,94.7,0.293,0.289,0.561,0.517,11.8,25.0,0.233,0.507,13.5,76.3,0.223
124,5,2016-2017,Los Angeles Clippers,LAC,30.0,51,31,52,30,4.29,0.13,4.42,112.7,108.2,4.5,96.1,0.312,0.329,0.574,0.537,12.0,21.5,0.233,0.506,12.1,76.9,0.211
125,6,2016-2017,Utah Jazz,UTA,26.8,51,31,52,30,3.94,0.06,4.0,109.6,105.3,4.3,91.6,0.288,0.327,0.563,0.526,13.2,23.2,0.215,0.493,11.8,78.9,0.195
126,7,2016-2017,Cleveland Cavaliers,CLE,29.2,51,31,49,33,3.18,-0.31,2.87,113.6,110.3,3.3,96.2,0.275,0.399,0.58,0.547,12.6,21.9,0.206,0.516,11.4,75.8,0.174
127,8,2016-2017,Boston Celtics,BOS,25.9,53,29,48,34,2.63,-0.39,2.25,111.2,108.4,2.8,96.8,0.273,0.393,0.567,0.525,12.2,21.2,0.22,0.503,12.6,75.3,0.223
128,9,2016-2017,Washington Wizards,WAS,26.0,49,33,46,36,1.8,-0.45,1.36,111.2,109.3,1.9,97.4,0.254,0.284,0.564,0.528,12.8,24.1,0.199,0.524,13.8,75.5,0.213
129,10,2016-2017,Miami Heat,MIA,26.5,41,41,44,38,1.06,-0.29,0.77,107.8,106.7,1.1,95.2,0.251,0.314,0.541,0.512,12.4,24.2,0.177,0.496,12.6,76.4,0.22
130,11,2016-2017,Oklahoma City Thunder,OKC,24.7,47,35,43,39,0.76,0.39,1.14,108.3,107.5,0.8,97.8,0.295,0.295,0.54,0.5,13.2,27.9,0.22,0.511,12.5,79.0,0.218
131,12,2016-2017,Memphis Grizzlies,MEM,29.5,43,39,42,40,0.49,0.47,0.96,107.7,107.1,0.6,92.3,0.28,0.316,0.535,0.491,12.1,24.8,0.219,0.506,13.6,77.5,0.256
132,13,2016-2017,Denver Nuggets,DEN,25.2,40,42,42,40,0.51,0.19,0.7,113.2,112.7,0.5,98.3,0.276,0.329,0.568,0.53,13.2,27.3,0.214,0.532,10.9,78.7,0.194
133,14,2016-2017,Chicago Bulls,CHI,26.9,41,41,42,40,0.43,-0.39,0.03,107.4,107.0,0.4,95.3,0.259,0.256,0.53,0.487,12.3,27.0,0.206,0.507,12.4,76.8,0.169
134,15,2016-2017,Charlotte Hornets,CHO,26.5,36,46,42,40,0.2,-0.26,-0.07,108.8,108.6,0.2,95.7,0.279,0.335,0.547,0.501,10.7,19.9,0.227,0.523,12.1,79.6,0.164
135,16,2016-2017,Indiana Pacers,IND,27.0,42,40,40,42,-0.22,-0.42,-0.64,108.6,108.8,-0.2,95.9,0.261,0.272,0.558,0.516,12.8,21.2,0.212,0.512,13.6,75.5,0.225
136,17,2016-2017,Milwaukee Bucks,MIL,25.6,42,40,40,42,-0.18,-0.26,-0.45,109.1,109.3,-0.2,94.5,0.274,0.29,0.565,0.527,13.2,21.5,0.21,0.518,13.6,75.4,0.215
137,18,2016-2017,Portland Trail Blazers,POR,24.8,41,41,40,42,-0.52,0.3,-0.23,110.3,110.8,-0.5,96.7,0.275,0.322,0.559,0.52,12.5,23.0,0.214,0.508,11.6,76.8,0.241
138,19,2016-2017,Atlanta Hawks,ATL,27.9,43,39,39,43,-0.85,-0.38,-1.23,104.9,105.7,-0.8,97.4,0.295,0.309,0.541,0.504,14.2,23.6,0.215,0.507,13.8,76.1,0.179
139,20,2016-2017,Detroit Pistons,DET,25.4,37,45,38,44,-1.12,-0.17,-1.29,106.0,107.1,-1.1,95.0,0.218,0.263,0.521,0.492,10.9,24.1,0.157,0.516,12.1,81.2,0.197
140,21,2016-2017,Minnesota Timberwolves,MIN,24.0,31,51,38,44,-1.11,0.47,-0.64,110.8,112.0,-1.2,94.6,0.287,0.249,0.555,0.511,12.9,27.2,0.229,0.535,13.2,75.9,0.212
141,22,2016-2017,New Orleans Pelicans,NOP,25.7,34,48,35,47,-2.1,0.41,-1.69,105.2,107.4,-2.2,98.0,0.256,0.308,0.539,0.504,11.7,18.5,0.192,0.509,12.4,76.8,0.177
142,23,2016-2017,Dallas Mavericks,DAL,27.6,33,49,33,49,-2.93,0.4,-2.53,105.6,108.8,-3.2,92.2,0.225,0.366,0.541,0.505,11.6,18.1,0.18,0.529,14.4,77.6,0.218
143,24,2016-2017,New York Knicks,NYK,27.3,31,51,31,51,-3.67,-0.2,-3.87,107.7,111.5,-3.8,96.0,0.239,0.279,0.534,0.496,12.4,26.6,0.188,0.511,11.7,74.1,0.214
144,25,2016-2017,Sacramento Kings,SAC,27.9,32,50,31,51,-3.88,0.58,-3.29,107.3,111.3,-4.0,94.9,0.284,0.291,0.556,0.516,13.7,21.0,0.22,0.528,12.9,76.3,0.227
145,26,2016-2017,Phoenix Suns,PHO,25.0,24,58,27,55,-5.63,0.49,-5.14,106.6,112.2,-5.6,100.3,0.297,0.255,0.538,0.493,13.4,26.0,0.231,0.525,13.1,76.4,0.264
146,27,2016-2017,Philadelphia 76ers,PHI,24.6,28,54,26,56,-5.7,-0.14,-5.83,103.2,108.9,-5.7,98.5,0.258,0.349,0.539,0.501,14.9,22.4,0.199,0.512,13.5,75.3,0.234
147,28,2016-2017,Brooklyn Nets,BRK,26.0,20,62,24,58,-6.73,-0.01,-6.74,104.1,110.7,-6.6,101.3,0.289,0.371,0.551,0.507,14.7,19.6,0.228,0.513,11.6,76.1,0.212
148,29,2016-2017,Orlando Magic,ORL,25.3,29,53,24,58,-6.57,-0.04,-6.61,103.7,110.5,-6.8,96.8,0.246,0.3,0.524,0.489,12.1,21.6,0.184,0.523,11.9,77.4,0.201
149,30,2016-2017,Los Angeles Lakers,LAL,25.1,26,56,24,58,-6.88,0.58,-6.29,106.0,113.0,-7.0,98.5,0.259,0.295,0.537,0.501,13.5,25.0,0.195,0.542,13.0,75.8,0.213
150,1,2017-2018,Houston Rockets,HOU,29.8,65,17,61,21,8.48,-0.27,8.21,114.7,106.1,8.6,97.6,0.298,0.502,0.59,0.551,12.7,21.3,0.233,0.521,13.4,79.9,0.171
151,2,2017-2018,Toronto Raptors,TOR,25.8,59,23,60,22,7.78,-0.49,7.29,113.8,105.9,7.9,97.4,0.25,0.377,0.575,0.539,12.1,23.0,0.198,0.501,13.0,77.7,0.212
152,3,2017-2018,Golden State Warriors,GSW,28.8,58,24,56,26,5.98,-0.19,5.79,113.6,107.6,6.0,99.6,0.239,0.339,0.603,0.569,14.1,21.0,0.195,0.504,12.6,76.3,0.186
153,4,2017-2018,Utah Jazz,UTA,26.7,48,34,53,29,4.3,0.17,4.47,108.4,103.9,4.5,95.7,0.26,0.357,0.564,0.527,13.7,21.5,0.202,0.506,14.0,79.8,0.19
154,5,2017-2018,Philadelphia 76ers,PHI,25.8,52,30,53,29,4.5,-0.2,4.3,109.5,105.0,4.5,99.8,0.263,0.344,0.568,0.535,14.6,25.3,0.198,0.492,12.6,78.6,0.218
155,6,2017-2018,Boston Celtics,BOS,24.7,55,27,51,31,3.59,-0.35,3.23,107.6,103.9,3.7,96.0,0.243,0.357,0.552,0.518,13.0,21.5,0.188,0.495,13.0,78.4,0.191
156,7,2017-2018,Oklahoma City Thunder,OKC,27.3,48,34,50,32,3.41,0.0,3.42,110.7,107.2,3.5,96.7,0.275,0.345,0.546,0.514,12.4,27.7,0.197,0.525,14.7,77.4,0.193
157,8,2017-2018,San Antonio Spurs,SAS,29.3,47,35,49,33,2.89,0.0,2.89,107.9,104.8,3.1,95.0,0.245,0.282,0.543,0.507,12.2,23.7,0.189,0.507,13.2,78.6,0.17
158,9,2017-2018,Portland Trail Blazers,POR,25.6,49,33,48,34,2.6,0.0,2.6,109.1,106.4,2.7,96.5,0.24,0.324,0.549,0.511,12.3,23.3,0.192,0.503,11.7,79.1,0.193
159,10,2017-2018,Minnesota Timberwolves,MIN,27.1,47,35,47,35,2.23,0.12,2.35,113.4,111.1,2.3,96.0,0.28,0.261,0.566,0.523,11.4,24.4,0.225,0.539,13.9,76.4,0.189
160,11,2017-2018,Denver Nuggets,DEN,25.1,46,36,45,37,1.48,0.09,1.57,112.5,111.0,1.5,96.8,0.258,0.357,0.57,0.536,13.4,25.7,0.198,0.539,12.6,77.5,0.173
161,12,2017-2018,Indiana Pacers,IND,26.2,48,34,45,37,1.38,-0.2,1.18,109.5,108.1,1.4,96.0,0.222,0.284,0.557,0.525,12.3,22.7,0.173,0.527,14.2,76.2,0.174
162,13,2017-2018,New Orleans Pelicans,NOP,27.6,48,34,44,38,1.3,0.18,1.48,109.6,108.3,1.3,100.5,0.237,0.319,0.573,0.541,13.3,20.0,0.183,0.513,12.5,76.7,0.175
163,14,2017-2018,Cleveland Cavaliers,CLE,30.6,50,32,43,39,0.94,-0.35,0.59,112.9,111.9,1.0,98.0,0.275,0.379,0.584,0.547,12.6,20.1,0.214,0.54,12.2,77.3,0.166
164,15,2017-2018,Washington Wizards,WAS,26.9,43,39,43,39,0.59,-0.06,0.53,109.3,108.7,0.6,96.6,0.254,0.31,0.56,0.525,13.3,23.5,0.196,0.522,13.6,77.1,0.212
165,16,2017-2018,Miami Heat,MIA,26.5,44,38,42,40,0.48,-0.33,0.15,106.8,106.3,0.5,95.6,0.229,0.358,0.551,0.52,13.3,21.5,0.173,0.507,13.1,79.0,0.215
166,17,2017-2018,Charlotte Hornets,CHO,26.6,36,46,42,40,0.26,-0.19,0.07,109.4,109.1,0.3,98.4,0.312,0.314,0.549,0.508,11.4,22.2,0.233,0.532,12.4,80.7,0.165
167,18,2017-2018,Los Angeles Clippers,LAC,27.0,42,40,41,41,0.04,0.11,0.15,110.3,110.2,0.1,98.7,0.299,0.314,0.564,0.527,13.2,23.5,0.222,0.52,12.6,76.1,0.203
168,19,2017-2018,Detroit Pistons,DET,25.9,39,43,41,41,-0.15,-0.11,-0.26,107.2,107.3,-0.1,96.2,0.227,0.333,0.543,0.512,12.3,22.7,0.169,0.524,13.7,78.5,0.172
169,20,2017-2018,Milwaukee Bucks,MIL,25.9,44,38,40,42,-0.3,-0.15,-0.45,109.8,110.1,-0.3,96.2,0.281,0.297,0.571,0.531,12.9,20.4,0.22,0.528,14.2,75.9,0.22
170,21,2017-2018,Los Angeles Lakers,LAL,23.7,35,47,37,45,-1.55,0.11,-1.44,106.5,108.0,-1.5,100.3,0.264,0.329,0.548,0.517,13.8,23.6,0.188,0.514,12.5,77.7,0.19
171,22,2017-2018,Dallas Mavericks,DAL,27.7,24,58,33,49,-3.04,0.34,-2.7,106.3,109.5,-3.2,95.6,0.217,0.382,0.544,0.513,11.6,18.0,0.166,0.532,12.9,78.9,0.193
172,23,2017-2018,New York Knicks,NYK,26.3,29,53,32,50,-3.56,0.03,-3.53,107.1,110.7,-3.6,96.8,0.216,0.266,0.544,0.51,13.3,24.1,0.17,0.522,12.2,76.7,0.208
173,24,2017-2018,Brooklyn Nets,BRK,25.1,28,54,31,51,-3.74,0.07,-3.67,106.9,110.6,-3.7,98.9,0.26,0.411,0.551,0.514,13.6,21.0,0.201,0.517,11.0,77.0,0.201
174,25,2017-2018,Orlando Magic,ORL,25.6,25,57,28,54,-4.82,-0.1,-4.92,105.2,110.1,-4.9,98.1,0.238,0.342,0.545,0.512,13.3,20.0,0.18,0.525,12.8,75.6,0.187
175,26,2017-2018,Atlanta Hawks,ATL,25.4,24,58,27,55,-5.45,0.15,-5.3,105.0,110.6,-5.6,98.3,0.236,0.363,0.547,0.512,14.1,21.1,0.185,0.536,13.6,76.2,0.183
176,27,2017-2018,Memphis Grizzlies,MEM,26.0,22,60,25,57,-6.21,0.39,-5.81,104.5,111.0,-6.5,94.9,0.255,0.317,0.539,0.5,14.0,22.4,0.201,0.529,13.8,76.5,0.256
177,28,2017-2018,Chicago Bulls,CHI,24.4,27,55,23,59,-7.04,0.2,-6.84,103.8,110.9,-7.1,98.3,0.216,0.35,0.529,0.497,12.6,20.6,0.164,0.542,12.4,80.6,0.184
178,29,2017-2018,Sacramento Kings,SAC,26.4,27,55,23,59,-6.99,0.39,-6.6,103.7,111.1,-7.4,94.9,0.194,0.278,0.529,0.502,12.8,21.5,0.143,0.542,13.5,77.6,0.199
179,30,2017-2018,Phoenix Suns,PHO,23.7,21,61,19,63,-9.37,0.57,-8.8,103.5,112.8,-9.3,100.3,0.275,0.32,0.532,0.495,13.9,22.5,0.203,0.533,11.9,76.5,0.212
180,1,2018-2019,Milwaukee Bucks,MIL,26.9,60,22,61,21,8.87,-0.82,8.04,113.8,105.2,8.6,103.3,0.255,0.419,0.583,0.55,12.0,20.8,0.197,0.503,11.5,80.3,0.162
181,2,2018-2019,Golden State Warriors,GSW,28.4,57,25,56,26,6.46,-0.04,6.42,115.9,109.5,6.4,100.9,0.227,0.384,0.596,0.565,12.6,22.5,0.182,0.508,11.7,77.1,0.205
182,3,2018-2019,Toronto Raptors,TOR,27.3,58,24,56,26,6.09,-0.6,5.49,113.1,107.1,6.0,100.2,0.247,0.379,0.579,0.543,12.4,21.9,0.198,0.509,13.1,77.1,0.19
183,4,2018-2019,Utah Jazz,UTA,27.3,50,32,54,28,5.26,0.03,5.28,110.9,105.7,5.2,100.3,0.295,0.394,0.572,0.538,13.4,22.9,0.217,0.507,12.4,80.3,0.189
184,5,2018-2019,Houston Rockets,HOU,29.2,53,29,53,29,4.77,0.19,4.96,115.5,110.7,4.8,97.9,0.279,0.519,0.581,0.542,12.0,22.8,0.221,0.525,13.4,74.4,0.21
185,6,2018-2019,Boston Celtics,BOS,25.7,49,33,52,30,4.44,-0.54,3.9,112.2,107.8,4.4,99.6,0.215,0.381,0.567,0.534,11.5,21.6,0.173,0.514,13.4,77.0,0.198
186,7,2018-2019,Portland Trail Blazers,POR,26.2,53,29,51,31,4.2,0.24,4.43,114.7,110.5,4.2,99.1,0.258,0.339,0.568,0.528,12.1,26.6,0.21,0.516,11.0,77.9,0.195
187,8,2018-2019,Denver Nuggets,DEN,24.9,54,28,51,31,3.95,0.24,4.19,113.0,108.9,4.1,97.7,0.232,0.348,0.558,0.527,11.9,26.6,0.175,0.521,12.3,78.0,0.194
188,9,2018-2019,Indiana Pacers,IND,27.0,48,34,50,32,3.33,-0.57,2.76,109.9,106.5,3.4,98.1,0.242,0.292,0.561,0.53,12.4,21.9,0.182,0.516,14.1,76.2,0.184
189,10,2018-2019,Oklahoma City Thunder,OKC,25.7,49,33,50,32,3.4,0.15,3.56,110.3,107.0,3.3,102.8,0.266,0.347,0.545,0.514,11.7,26.0,0.19,0.523,14.4,78.2,0.206
190,11,2018-2019,Philadelphia 76ers,PHI,26.4,51,31,48,34,2.7,-0.44,2.25,112.6,110.0,2.6,101.6,0.312,0.342,0.574,0.532,12.9,24.5,0.241,0.512,11.1,78.6,0.206
191,12,2018-2019,San Antonio Spurs,SAS,28.8,48,34,45,37,1.68,0.12,1.8,112.9,111.2,1.7,98.3,0.237,0.286,0.572,0.534,11.0,21.0,0.194,0.528,11.0,79.4,0.17
192,13,2018-2019,Los Angeles Clippers,LAC,27.2,48,34,43,39,0.85,0.23,1.09,112.4,111.5,0.9,101.7,0.326,0.295,0.575,0.529,12.7,22.0,0.258,0.514,11.4,76.0,0.224
193,14,2018-2019,Orlando Magic,ORL,25.7,42,40,43,39,0.71,-0.43,0.28,108.9,108.1,0.8,98.1,0.216,0.36,0.55,0.518,11.9,22.0,0.168,0.515,11.8,79.7,0.186
194,15,2018-2019,Brooklyn Nets,BRK,25.4,42,40,41,41,-0.07,-0.33,-0.4,109.6,109.7,-0.1,100.8,0.284,0.403,0.556,0.52,13.0,23.8,0.211,0.512,11.6,76.4,0.19
195,16,2018-2019,Detroit Pistons,DET,26.9,41,41,40,42,-0.24,-0.31,-0.56,109.0,109.2,-0.2,97.4,0.262,0.394,0.544,0.509,12.3,24.8,0.195,0.526,12.8,78.7,0.211
196,17,2018-2019,Miami Heat,MIA,27.0,39,43,40,42,-0.23,-0.22,-0.45,107.3,107.6,-0.3,98.2,0.247,0.368,0.542,0.515,13.1,24.8,0.172,0.51,12.7,77.6,0.201
197,18,2018-2019,Sacramento Kings,SAC,24.8,39,43,38,44,-1.12,0.31,-0.81,110.4,111.5,-1.1,103.1,0.244,0.321,0.554,0.524,11.5,23.1,0.177,0.533,13.6,75.5,0.207
198,19,2018-2019,Charlotte Hornets,CHO,26.6,39,43,38,44,-1.1,-0.22,-1.32,111.4,112.5,-1.1,98.7,0.257,0.378,0.554,0.514,10.9,21.7,0.205,0.538,12.1,77.1,0.179
199,20,2018-2019,New Orleans Pelicans,NOP,25.7,33,49,38,44,-1.33,0.23,-1.1,111.4,112.6,-1.2,103.3,0.254,0.324,0.563,0.529,12.6,24.1,0.193,0.532,11.6,76.8,0.193
200,21,2018-2019,Dallas Mavericks,DAL,26.9,33,49,38,44,-1.28,0.42,-0.87,109.4,110.7,-1.3,99.0,0.291,0.422,0.555,0.519,12.7,22.7,0.216,0.522,11.6,77.5,0.191
201,22,2018-2019,Minnesota Timberwolves,MIN,26.2,36,46,37,45,-1.5,0.48,-1.02,111.4,112.9,-1.5,100.2,0.267,0.315,0.552,0.511,11.4,24.6,0.21,0.538,12.9,74.9,0.19
202,23,2018-2019,Los Angeles Lakers,LAL,26.2,37,45,37,45,-1.72,0.39,-1.33,107.8,109.5,-1.7,103.2,0.257,0.342,0.554,0.527,13.4,22.2,0.18,0.516,12.2,76.4,0.192
203,24,2018-2019,Memphis Grizzlies,MEM,27.7,33,49,34,48,-2.6,0.51,-2.08,106.1,108.8,-2.7,96.6,0.272,0.342,0.548,0.508,12.9,20.0,0.21,0.521,13.9,77.6,0.232
204,25,2018-2019,Washington Wizards,WAS,26.5,32,50,34,48,-2.9,-0.4,-3.3,111.1,113.9,-2.8,101.4,0.266,0.37,0.567,0.531,12.3,21.3,0.204,0.546,13.5,74.1,0.199
205,26,2018-2019,Atlanta Hawks,ATL,25.1,29,53,27,55,-6.02,-0.04,-6.06,108.1,113.9,-5.8,103.9,0.255,0.403,0.555,0.522,14.3,24.7,0.192,0.541,12.8,76.4,0.237
206,27,2018-2019,Chicago Bulls,CHI,24.0,22,60,21,61,-8.41,0.1,-8.32,104.8,113.2,-8.4,99.0,0.235,0.295,0.541,0.505,12.7,19.4,0.184,0.541,11.9,77.3,0.188
207,28,2018-2019,New York Knicks,NYK,23.4,17,65,19,63,-9.21,0.28,-8.93,104.5,113.7,-9.2,99.6,0.27,0.334,0.529,0.49,12.4,22.1,0.205,0.533,11.7,76.1,0.203
208,29,2018-2019,Phoenix Suns,PHO,24.0,19,63,19,63,-9.34,0.73,-8.61,105.9,115.1,-9.2,100.5,0.259,0.335,0.552,0.514,13.8,20.5,0.202,0.545,13.5,72.5,0.236
209,30,2018-2019,Cleveland Cavaliers,CLE,25.2,19,63,19,63,-9.61,0.22,-9.39,107.7,117.6,-9.9,96.6,0.236,0.332,0.54,0.503,12.2,23.7,0.187,0.564,11.5,77.0,0.181
210,1,2019-2020,Milwaukee Bucks,MIL,29.2,56,17,57,16,10.08,-0.67,9.41,112.4,102.9,9.5,105.1,0.271,0.428,0.583,0.552,12.9,20.7,0.201,0.489,12.0,81.6,0.178
211,2,2019-2020,Boston Celtics,BOS,25.3,48,24,50,22,6.31,-0.47,5.83,113.3,107.0,6.3,99.5,0.259,0.386,0.57,0.531,12.2,23.9,0.207,0.509,13.5,77.4,0.215
212,3,2019-2020,Los Angeles Clippers,LAC,27.4,49,23,50,22,6.44,0.21,6.66,113.9,107.6,6.3,101.5,0.295,0.375,0.577,0.535,12.6,23.5,0.233,0.506,12.2,77.6,0.206
213,4,2019-2020,Toronto Raptors,TOR,26.6,53,19,50,22,6.24,-0.26,5.97,111.1,105.0,6.1,100.9,0.264,0.421,0.574,0.536,13.1,21.3,0.21,0.502,14.6,76.7,0.202
214,5,2019-2020,Los Angeles Lakers,LAL,29.5,52,19,48,23,5.79,0.49,6.28,112.0,106.3,5.7,100.9,0.276,0.358,0.573,0.542,13.3,24.5,0.201,0.515,14.1,78.8,0.205
215,6,2019-2020,Dallas Mavericks,DAL,26.1,43,32,49,26,4.95,-0.07,4.87,116.7,111.7,5.0,99.3,0.264,0.457,0.581,0.545,11.2,23.2,0.206,0.525,10.6,77.7,0.175
216,7,2019-2020,Miami Heat,MIA,25.9,44,29,43,30,2.95,-0.35,2.59,112.5,109.5,3.0,98.3,0.299,0.419,0.587,0.547,13.5,20.3,0.234,0.523,12.6,79.5,0.213
217,8,2019-2020,Houston Rockets,HOU,29.2,44,28,42,30,2.96,0.17,3.13,112.9,110.1,2.8,103.7,0.288,0.501,0.578,0.537,12.6,21.0,0.228,0.529,13.7,75.6,0.197
218,9,2019-2020,Utah Jazz,UTA,27.3,44,28,42,30,2.47,0.05,2.52,112.3,109.9,2.4,98.6,0.268,0.414,0.585,0.549,13.7,21.6,0.208,0.518,11.1,78.9,0.185
219,10,2019-2020,Philadelphia 76ers,PHI,26.3,43,30,42,31,2.38,-0.13,2.25,111.3,109.0,2.3,99.0,0.255,0.36,0.566,0.534,12.7,23.9,0.193,0.523,12.5,80.3,0.214
220,11,2019-2020,Denver Nuggets,DEN,25.6,46,27,41,32,2.11,0.24,2.35,113.1,111.0,2.1,97.1,0.235,0.344,0.567,0.535,12.3,24.8,0.183,0.533,12.9,76.8,0.198
221,12,2019-2020,Indiana Pacers,IND,25.6,45,28,41,32,1.96,-0.33,1.63,110.0,108.0,2.0,98.9,0.216,0.317,0.565,0.534,12.0,20.0,0.17,0.511,13.0,76.7,0.192
222,13,2019-2020,Oklahoma City Thunder,OKC,25.5,44,28,41,31,1.99,0.34,2.33,110.8,108.8,2.0,98.8,0.29,0.353,0.573,0.53,12.4,19.3,0.231,0.518,12.6,76.8,0.173
223,14,2019-2020,Phoenix Suns,PHO,24.6,34,39,37,36,0.22,0.35,0.56,111.7,111.4,0.3,101.3,0.271,0.361,0.576,0.532,13.0,22.2,0.226,0.539,13.7,78.8,0.221
224,15,2019-2020,Brooklyn Nets,BRK,26.3,35,37,35,37,-0.57,-0.44,-1.01,108.9,109.5,-0.6,101.4,0.267,0.423,0.554,0.52,13.1,23.2,0.199,0.511,11.0,77.8,0.187
225,16,2019-2020,Orlando Magic,ORL,26.1,33,40,34,39,-1.01,0.09,-0.93,108.5,109.5,-1.0,98.6,0.256,0.364,0.544,0.506,11.5,22.3,0.198,0.535,13.2,79.1,0.176
226,17,2019-2020,San Antonio Spurs,SAS,27.6,32,39,33,38,-1.11,0.46,-0.65,112.4,113.5,-1.1,100.5,0.262,0.318,0.572,0.531,11.2,20.1,0.212,0.542,11.7,79.2,0.193
227,18,2019-2020,Memphis Grizzlies,MEM,24.1,34,39,34,39,-1.07,0.16,-0.91,109.2,110.3,-1.1,102.8,0.24,0.346,0.561,0.528,13.2,23.0,0.183,0.521,12.7,77.8,0.217
228,19,2019-2020,Portland Trail Blazers,POR,27.5,35,39,34,40,-1.15,0.54,-0.61,113.7,114.8,-1.1,100.7,0.242,0.374,0.57,0.533,11.2,22.4,0.194,0.53,11.2,75.3,0.208
229,20,2019-2020,New Orleans Pelicans,NOP,25.4,30,42,33,39,-1.29,0.74,-0.55,110.7,111.9,-1.2,103.7,0.256,0.403,0.568,0.539,13.9,24.2,0.186,0.532,12.4,77.8,0.212
230,21,2019-2020,Sacramento Kings,SAC,27.0,31,41,31,41,-2.04,0.46,-1.59,110.2,112.2,-2.0,98.9,0.23,0.395,0.566,0.534,13.0,21.9,0.177,0.543,13.6,78.4,0.225
231,22,2019-2020,Chicago Bulls,CHI,24.4,22,43,26,39,-3.08,-0.93,-4.0,106.7,109.8,-3.1,99.7,0.231,0.396,0.547,0.515,13.7,22.8,0.175,0.546,16.3,75.6,0.239
232,23,2019-2020,Detroit Pistons,DET,25.9,20,46,26,40,-3.56,-0.82,-4.38,109.0,112.7,-3.7,97.6,0.261,0.381,0.561,0.529,13.8,22.6,0.194,0.541,12.7,75.9,0.186
233,24,2019-2020,Minnesota Timberwolves,MIN,24.8,19,45,24,40,-4.3,0.28,-4.02,108.1,112.2,-4.1,103.4,0.277,0.433,0.551,0.514,13.0,22.1,0.209,0.541,13.2,77.2,0.218
234,25,2019-2020,Washington Wizards,WAS,25.1,25,47,26,46,-4.67,-0.57,-5.24,110.9,115.5,-4.6,102.7,0.27,0.358,0.562,0.523,12.2,22.2,0.213,0.558,13.9,75.3,0.231
235,26,2019-2020,New York Knicks,NYK,24.5,21,45,20,46,-6.45,-0.26,-6.72,106.5,113.0,-6.5,98.6,0.263,0.318,0.531,0.501,12.6,25.8,0.182,0.541,12.4,78.3,0.224
236,27,2019-2020,Charlotte Hornets,CHO,24.3,23,42,19,46,-6.75,-0.28,-7.03,106.3,113.3,-7.0,95.8,0.252,0.399,0.539,0.504,13.3,23.9,0.188,0.546,13.1,74.4,0.159
237,28,2019-2020,Atlanta Hawks,ATL,24.1,20,47,18,49,-7.97,0.27,-7.71,107.2,114.8,-7.6,103.0,0.258,0.398,0.554,0.515,13.8,21.6,0.204,0.543,12.7,74.9,0.233
238,29,2019-2020,Cleveland Cavaliers,CLE,25.0,19,46,18,47,-7.89,0.12,-7.77,107.5,115.4,-7.9,98.7,0.227,0.362,0.553,0.522,14.6,24.6,0.172,0.56,11.7,77.4,0.164
239,30,2019-2020,Golden State Warriors,GSW,24.4,15,50,16,49,-8.71,0.59,-8.12,105.2,113.8,-8.6,100.3,0.264,0.355,0.54,0.497,13.2,21.5,0.212,0.553,13.7,76.4,0.193
270,1,2021-2022,Boston Celtics,BOS,26.1,51,31,59,23,7.28,-0.26,7.02,114.4,106.9,7.5,96.6,0.239,0.425,0.578,0.542,12.4,24.0,0.195,0.502,12.5,77.3,0.183
271,2,2021-2022,Phoenix Suns,PHO,27.5,64,18,59,23,7.5,-0.56,6.94,114.8,107.3,7.5,99.8,0.221,0.354,0.581,0.549,11.6,22.3,0.176,0.51,13.0,77.1,0.195
272,3,2021-2022,Utah Jazz,UTA,29.3,49,33,56,26,6.04,-0.37,5.67,116.7,110.5,6.2,97.1,0.271,0.468,0.589,0.555,12.7,25.4,0.208,0.521,10.9,78.3,0.164
273,4,2021-2022,Memphis Grizzlies,MEM,24.0,56,26,55,27,5.68,-0.32,5.37,114.6,109.0,5.6,100.3,0.245,0.346,0.553,0.522,11.2,30.0,0.18,0.523,13.3,77.8,0.195
274,5,2021-2022,Golden State Warriors,GSW,27.6,53,29,55,27,5.54,-0.02,5.52,112.5,106.9,5.6,98.4,0.235,0.456,0.582,0.552,13.5,22.8,0.181,0.509,13.0,78.7,0.201
275,6,2021-2022,Miami Heat,MIA,28.2,53,29,53,29,4.45,-0.22,4.23,113.7,109.1,4.6,95.9,0.252,0.422,0.584,0.547,13.4,23.5,0.204,0.524,13.8,78.0,0.209
276,7,2021-2022,Dallas Mavericks,DAL,26.7,52,30,50,32,3.3,-0.18,3.12,112.8,109.4,3.4,95.4,0.249,0.439,0.572,0.538,11.7,21.3,0.192,0.521,12.2,78.0,0.185
277,8,2021-2022,Milwaukee Bucks,MIL,28.5,51,31,49,33,3.35,-0.14,3.22,115.1,111.8,3.3,99.9,0.257,0.43,0.58,0.546,11.9,23.0,0.199,0.536,11.6,78.6,0.165
278,9,2021-2022,Philadelphia 76ers,PHI,26.8,51,31,48,34,2.61,-0.04,2.57,113.5,110.8,2.7,96.2,0.282,0.376,0.578,0.534,11.6,20.1,0.232,0.524,12.1,76.8,0.192
279,10,2021-2022,Minnesota Timberwolves,MIN,24.2,46,36,48,34,2.63,-0.1,2.53,114.3,111.7,2.6,100.9,0.254,0.454,0.573,0.539,12.4,24.4,0.198,0.535,14.2,74.9,0.227
280,11,2021-2022,Denver Nuggets,DEN,27.7,48,34,47,35,2.3,-0.15,2.16,114.5,112.1,2.4,97.8,0.244,0.416,0.59,0.556,13.2,21.9,0.194,0.537,11.7,78.3,0.188
281,12,2021-2022,Toronto Raptors,TOR,24.8,48,34,47,35,2.29,0.08,2.38,112.9,110.5,2.4,96.0,0.234,0.375,0.543,0.51,11.0,28.4,0.177,0.535,14.4,75.6,0.199
282,13,2021-2022,Cleveland Cavaliers,CLE,24.7,44,38,47,35,2.12,-0.08,2.04,111.9,109.7,2.2,96.1,0.261,0.387,0.571,0.538,13.2,24.0,0.198,0.52,12.3,76.5,0.172
283,14,2021-2022,Atlanta Hawks,ATL,26.1,43,39,45,37,1.56,-0.01,1.55,116.5,114.9,1.6,97.7,0.253,0.39,0.581,0.543,10.8,23.0,0.205,0.543,11.5,76.9,0.177
284,15,2021-2022,Brooklyn Nets,BRK,29.1,44,38,43,39,0.78,0.04,0.82,113.6,112.8,0.8,99.0,0.246,0.359,0.576,0.54,12.5,23.9,0.198,0.521,11.7,75.1,0.201
285,16,2021-2022,Charlotte Hornets,CHO,25.5,43,39,42,40,0.44,0.09,0.53,114.1,113.7,0.4,100.0,0.234,0.418,0.572,0.544,11.6,23.3,0.173,0.544,13.1,74.8,0.187
286,17,2021-2022,San Antonio Spurs,SAS,24.5,34,48,41,41,0.12,-0.1,0.02,112.4,112.3,0.1,100.0,0.22,0.345,0.556,0.527,11.1,23.7,0.166,0.532,12.1,75.1,0.176
287,18,2021-2022,Los Angeles Clippers,LAC,27.5,42,40,41,41,0.02,0.06,0.09,110.1,110.1,0.0,98.0,0.224,0.391,0.564,0.531,12.5,20.6,0.178,0.514,12.0,74.4,0.167
288,19,2021-2022,New York Knicks,NYK,26.0,37,45,41,41,-0.12,0.11,-0.01,110.4,110.5,-0.1,95.9,0.28,0.428,0.55,0.513,12.0,25.1,0.208,0.521,11.7,78.8,0.198
289,20,2021-2022,Chicago Bulls,CHI,26.3,46,36,40,42,-0.39,0.02,-0.38,113.2,113.6,-0.4,98.3,0.248,0.332,0.579,0.541,11.8,20.4,0.201,0.541,11.9,78.3,0.199
290,21,2021-2022,New Orleans Pelicans,NOP,25.6,36,46,38,44,-0.99,0.15,-0.84,112.0,113.0,-1.0,97.2,0.264,0.365,0.557,0.517,12.5,26.9,0.208,0.547,13.0,78.2,0.196
291,22,2021-2022,Los Angeles Lakers,LAL,30.2,33,49,33,49,-3.05,-0.03,-3.08,110.3,113.3,-3.0,100.1,0.259,0.388,0.567,0.537,12.8,21.1,0.19,0.54,12.2,75.8,0.192
292,23,2021-2022,Washington Wizards,WAS,25.9,35,47,32,50,-3.38,0.15,-3.23,111.1,114.5,-3.4,97.0,0.252,0.356,0.568,0.532,12.1,20.9,0.197,0.529,10.7,76.9,0.202
293,24,2021-2022,Indiana Pacers,IND,26.0,25,57,32,50,-3.48,0.22,-3.26,112.6,116.1,-3.5,98.0,0.239,0.395,0.564,0.531,12.7,25.5,0.184,0.552,11.9,76.2,0.204
294,25,2021-2022,Sacramento Kings,SAC,25.8,30,52,28,54,-5.46,0.2,-5.26,109.9,115.3,-5.4,99.8,0.264,0.377,0.561,0.525,12.5,21.3,0.203,0.551,11.9,76.0,0.176
295,26,2021-2022,Detroit Pistons,DET,23.6,23,59,22,60,-7.72,0.37,-7.36,106.0,113.8,-7.8,98.4,0.249,0.391,0.533,0.494,12.6,23.4,0.194,0.541,13.1,75.6,0.226
296,27,2021-2022,Orlando Magic,ORL,23.3,22,60,21,61,-8.0,0.33,-7.67,104.5,112.5,-8.0,99.2,0.223,0.417,0.538,0.503,13.0,19.8,0.175,0.532,11.7,77.2,0.196
297,28,2021-2022,Oklahoma City Thunder,OKC,22.4,24,58,21,61,-8.1,0.2,-7.9,104.6,112.8,-8.2,98.5,0.223,0.419,0.53,0.497,12.5,21.8,0.169,0.533,11.8,76.1,0.169
298,29,2021-2022,Houston Rockets,HOU,24.1,20,62,21,61,-8.48,0.22,-8.26,108.4,116.7,-8.3,100.9,0.284,0.448,0.565,0.534,14.5,21.7,0.202,0.554,12.3,74.4,0.206
299,30,2021-2022,Portland Trail Blazers,POR,25.6,27,55,20,62,-8.88,0.33,-8.55,107.8,116.9,-9.1,98.3,0.248,0.422,0.55,0.515,13.0,22.9,0.188,0.559,12.7,76.9,0.222
300,1,2022-2023,Boston Celtics,BOS,27.4,57,25,57,25,6.52,-0.15,6.38,118.0,111.5,6.5,98.5,0.243,0.48,0.6,0.566,12.0,22.1,0.197,0.528,11.3,78.5,0.18
301,2,2022-2023,Cleveland Cavaliers,CLE,25.4,51,31,55,27,5.38,-0.15,5.23,116.1,110.6,5.5,95.7,0.264,0.371,0.59,0.556,12.3,23.6,0.206,0.535,14.4,76.3,0.21
302,3,2022-2023,Philadelphia 76ers,PHI,28.2,54,28,52,30,4.32,0.06,4.37,117.7,113.3,4.4,96.9,0.3,0.389,0.608,0.563,12.6,21.6,0.25,0.541,13.0,77.2,0.217
303,4,2022-2023,Memphis Grizzlies,MEM,24.4,51,31,51,31,3.94,-0.34,3.6,115.1,111.2,3.9,101.1,0.259,0.372,0.57,0.54,11.7,26.5,0.19,0.526,13.1,75.9,0.206
304,5,2022-2023,Milwaukee Bucks,MIL,29.8,58,24,50,32,3.63,-0.02,3.61,115.4,111.9,3.5,100.5,0.248,0.446,0.583,0.555,12.7,25.0,0.184,0.52,10.4,77.8,0.175
305,6,2022-2023,Denver Nuggets,DEN,26.6,53,29,49,33,3.33,-0.29,3.04,117.6,114.2,3.4,98.1,0.259,0.361,0.601,0.573,13.1,24.8,0.194,0.543,12.2,76.4,0.201
306,7,2022-2023,New York Knicks,NYK,24.5,47,35,48,34,2.93,0.06,2.99,117.8,114.8,3.0,97.1,0.285,0.4,0.577,0.541,11.4,28.3,0.217,0.536,11.4,77.1,0.21
307,8,2022-2023,Sacramento Kings,SAC,25.4,48,34,47,35,2.65,-0.35,2.3,119.4,116.8,2.6,100.3,0.284,0.423,0.608,0.572,12.0,22.7,0.225,0.563,12.6,77.2,0.203
308,9,2022-2023,Phoenix Suns,PHO,28.1,45,37,46,36,2.07,0.01,2.08,115.1,113.0,2.1,98.2,0.241,0.362,0.57,0.535,12.0,26.6,0.191,0.532,12.9,76.0,0.234
309,10,2022-2023,New Orleans Pelicans,NOP,25.9,42,40,46,36,1.89,-0.26,1.63,114.4,112.5,1.9,99.1,0.279,0.344,0.582,0.543,12.9,24.7,0.221,0.543,13.4,77.4,0.212
310,11,2022-2023,Golden State Warriors,GSW,27.3,44,38,45,37,1.8,-0.15,1.66,116.1,114.4,1.7,101.6,0.224,0.479,0.6,0.571,14.1,24.4,0.178,0.54,12.3,76.0,0.214
311,12,2022-2023,Toronto Raptors,TOR,25.8,41,41,45,37,1.48,0.12,1.59,115.5,114.0,1.5,97.1,0.257,0.351,0.555,0.517,10.3,27.8,0.201,0.565,15.3,76.7,0.223
312,13,2022-2023,Chicago Bulls,CHI,27.5,40,42,44,38,1.29,0.07,1.37,113.5,112.2,1.3,98.5,0.251,0.333,0.587,0.55,12.2,20.1,0.203,0.544,13.5,77.8,0.197
313,14,2022-2023,Oklahoma City Thunder,OKC,22.8,40,42,44,38,1.09,-0.12,0.96,115.2,114.2,1.0,101.1,0.256,0.369,0.57,0.531,11.2,24.7,0.207,0.547,14.4,72.9,0.222
314,15,2022-2023,Brooklyn Nets,BRK,28.0,45,37,43,39,0.85,0.18,1.03,115.0,114.1,0.9,98.3,0.26,0.397,0.598,0.562,12.7,19.6,0.208,0.53,12.2,73.7,0.212
315,16,2022-2023,Los Angeles Lakers,LAL,27.9,43,39,42,40,0.57,-0.15,0.43,114.5,113.9,0.6,101.3,0.299,0.351,0.582,0.542,12.3,22.8,0.232,0.535,10.9,76.3,0.171
316,17,2022-2023,Los Angeles Clippers,LAC,29.7,44,38,42,40,0.5,-0.19,0.31,115.0,114.5,0.5,98.0,0.278,0.387,0.588,0.551,12.8,22.9,0.217,0.543,11.7,76.6,0.195
317,18,2022-2023,Atlanta Hawks,ATL,24.9,41,41,42,40,0.29,0.02,0.32,116.6,116.3,0.3,100.7,0.244,0.331,0.579,0.541,11.2,25.1,0.2,0.552,12.4,75.8,0.206
318,19,2022-2023,Dallas Mavericks,DAL,27.8,38,44,41,41,0.07,-0.22,-0.14,116.8,116.7,0.1,96.6,0.298,0.487,0.599,0.565,11.4,18.0,0.225,0.549,11.9,75.5,0.226
319,20,2022-2023,Minnesota Timberwolves,MIN,25.8,42,40,41,41,-0.04,-0.18,-0.22,113.7,113.8,-0.1,101.0,0.271,0.381,0.592,0.56,13.6,21.5,0.205,0.54,13.3,74.3,0.225
320,21,2022-2023,Miami Heat,MIA,27.7,44,38,40,42,-0.32,0.18,-0.13,113.0,113.3,-0.3,96.3,0.27,0.408,0.574,0.53,12.4,22.8,0.224,0.561,14.5,77.7,0.198
321,22,2022-2023,Utah Jazz,UTA,26.5,37,45,39,43,-0.94,-0.09,-1.03,115.8,116.7,-0.9,100.5,0.265,0.421,0.584,0.547,13.3,26.8,0.209,0.541,10.9,75.2,0.205
322,23,2022-2023,Washington Wizards,WAS,26.2,35,47,38,44,-1.21,0.15,-1.06,114.4,115.6,-1.2,98.6,0.258,0.365,0.585,0.55,12.7,22.6,0.202,0.54,11.0,76.1,0.194
323,24,2022-2023,Orlando Magic,ORL,23.1,34,48,35,47,-2.56,0.17,-2.39,111.6,114.2,-2.6,99.3,0.29,0.361,0.573,0.532,13.4,23.8,0.227,0.55,13.1,77.7,0.211
324,25,2022-2023,Indiana Pacers,IND,24.5,35,47,33,49,-3.18,0.28,-2.91,114.6,117.7,-3.1,101.1,0.265,0.413,0.581,0.545,13.0,23.4,0.209,0.554,13.0,72.2,0.229
325,26,2022-2023,Portland Trail Blazers,POR,25.1,33,49,31,51,-4.01,0.05,-3.96,114.8,118.8,-4.0,98.6,0.289,0.413,0.589,0.549,13.1,22.4,0.23,0.563,12.1,74.9,0.217
326,27,2022-2023,Charlotte Hornets,CHO,25.3,27,55,26,56,-6.24,0.35,-5.89,109.2,115.3,-6.1,100.8,0.261,0.36,0.55,0.516,12.3,23.8,0.195,0.544,12.5,75.5,0.211
327,28,2022-2023,Houston Rockets,HOU,22.1,22,60,23,59,-7.85,0.24,-7.62,111.4,119.3,-7.9,99.0,0.285,0.359,0.554,0.516,14.0,30.2,0.215,0.564,11.8,75.8,0.218
328,29,2022-2023,Detroit Pistons,DET,24.1,17,65,22,60,-8.22,0.49,-7.73,110.7,118.9,-8.2,99.0,0.295,0.372,0.561,0.52,13.3,24.9,0.227,0.557,11.9,74.0,0.231
329,30,2022-2023,San Antonio Spurs,SAS,23.9,22,60,19,63,-10.04,0.22,-9.82,110.2,120.0,-9.8,101.6,0.229,0.348,0.554,0.525,13.0,25.6,0.17,0.576,12.0,74.9,0.201
